{
    "name": "root",
    "metadata": {
        "timer_format_version": "0.1.0",
        "start_time_seconds": "1678087791",
        "python_version": "3.9.16 (main, Mar  1 2023, 18:30:21) [MSC v.1916 64 bit (AMD64)]",
        "command_line_arguments": "C:\\Users\\FICO\\.conda\\envs\\mlagents-r8\\Scripts\\mlagents-learn --resume",
        "mlagents_version": "0.30.0",
        "mlagents_envs_version": "0.30.0",
        "communication_protocol_version": "1.5.0",
        "pytorch_version": "1.7.1+cu110",
        "numpy_version": "1.21.2",
        "end_time_seconds": "1678087929"
    },
    "total": 137.9544658,
    "count": 1,
    "self": 0.004255999999998039,
    "children": {
        "run_training.setup": {
            "total": 0.01201719999999995,
            "count": 1,
            "self": 0.01201719999999995
        },
        "TrainerController.start_learning": {
            "total": 137.9381926,
            "count": 1,
            "self": 0.0027633000000264474,
            "children": {
                "TrainerController._reset_env": {
                    "total": 8.0777923,
                    "count": 1,
                    "self": 8.0777923
                },
                "TrainerController.advance": {
                    "total": 129.71662849999998,
                    "count": 151,
                    "self": 0.002233499999988453,
                    "children": {
                        "env_step": {
                            "total": 129.5600412,
                            "count": 151,
                            "self": 128.6114653,
                            "children": {
                                "SubprocessEnvManager._take_step": {
                                    "total": 0.9465163999999966,
                                    "count": 151,
                                    "self": 0.007867000000015167,
                                    "children": {
                                        "TorchPolicy.evaluate": {
                                            "total": 0.9386493999999814,
                                            "count": 151,
                                            "self": 0.9386493999999814
                                        }
                                    }
                                },
                                "workers": {
                                    "total": 0.002059500000024528,
                                    "count": 150,
                                    "self": 0.0,
                                    "children": {
                                        "worker_root": {
                                            "total": 9.652741199999992,
                                            "count": 150,
                                            "is_parallel": true,
                                            "self": 2.282217700000005,
                                            "children": {
                                                "steps_from_proto": {
                                                    "total": 0.01647659999999984,
                                                    "count": 1,
                                                    "is_parallel": true,
                                                    "self": 0.00022569999999966228,
                                                    "children": {
                                                        "_process_maybe_compressed_observation": {
                                                            "total": 0.01625090000000018,
                                                            "count": 2,
                                                            "is_parallel": true,
                                                            "self": 0.0004588999999972643,
                                                            "children": {
                                                                "_observation_to_np_array": {
                                                                    "total": 0.015792000000002915,
                                                                    "count": 20,
                                                                    "is_parallel": true,
                                                                    "self": 0.00021880000000251698,
                                                                    "children": {
                                                                        "process_pixels": {
                                                                            "total": 0.015573200000000398,
                                                                            "count": 20,
                                                                            "is_parallel": true,
                                                                            "self": 0.0016286000000036438,
                                                                            "children": {
                                                                                "image_decompress": {
                                                                                    "total": 0.013944599999996754,
                                                                                    "count": 40,
                                                                                    "is_parallel": true,
                                                                                    "self": 0.013944599999996754
                                                                                }
                                                                            }
                                                                        }
                                                                    }
                                                                }
                                                            }
                                                        }
                                                    }
                                                },
                                                "UnityEnvironment.step": {
                                                    "total": 7.354046899999988,
                                                    "count": 150,
                                                    "is_parallel": true,
                                                    "self": 0.019312299999954874,
                                                    "children": {
                                                        "UnityEnvironment._generate_step_input": {
                                                            "total": 0.03360310000000233,
                                                            "count": 150,
                                                            "is_parallel": true,
                                                            "self": 0.03360310000000233
                                                        },
                                                        "communicator.exchange": {
                                                            "total": 6.7115397000000225,
                                                            "count": 150,
                                                            "is_parallel": true,
                                                            "self": 6.7115397000000225
                                                        },
                                                        "steps_from_proto": {
                                                            "total": 0.589591800000008,
                                                            "count": 150,
                                                            "is_parallel": true,
                                                            "self": 0.026589500000012478,